tableId,pdfName,pipelineName
3e1c53b4-5c01-46e2-bd72-5a338b5852f9,A97180-2 Vantage_Yr5PCEM_Report_FINAL_2019-01-05 - A6Q8S7,VANTAGE
333e1e53-8897-41fa-acbd-86be8afb31c7,A97703-2 NWML_Cranberry Section_Year 5_PCMR_Jan 2019 - A6R6W7,CRANBERRY SECTION
0114daa6-c048-4081-b4cf-7a9d7461fa44,A89498-1 King s North Connection Pipeline Project - First Year Post-Construction Monitoring Report - A5Z5Q0,KINGS NORTH CONNECTION
f2ebd484-4ec2-4481-907d-17334ca4657f,A89675-1 Tanghe Creek Lateral Loop No. 2 (Sloat Creek Section) - Fifth Year Post-Construction Monitoring Report - A5Z7Y9,TANGHE CREEK LATERAL LOOP NO. 2
f4db9fc5-3a73-499a-ab1e-ab643530ea99,A89301-1 NGTL_Cheecham-Kettle River Expansion_Cond.6_Post-Construction Environmental Monitoring Report - A5Z3H8,KETTLE RIVER NORTH LATERAL LOOP
397db969-9996-4d9e-bb05-6df69d0fe4a4,A97703-4 NWML_Timberwolf Section_Year 5_PCMR_Jan 2019 - A6R6W9,TIMBERWOLF SECTION
02db9f91-572a-44af-9858-4add101353c1,A81559-1 Moosa Crossover Pipeline Project - Post-Construction Monitoring Report - A5I5H1,MOOSA CROSSOVER
417546c4-dacf-4c12-ae75-4dc4e656e198,A89683-2 Cutbank-Red Rock Year 5 PCMR - A5Z8C3,CUTBANK RIVER LATERAL LOOP
6a2f1370-1cd5-4ebb-a4bd-a1fe9d5a516a,A89617-4 Horn River ML_Year 5 PCMR Jan 2018_Part3of3 - A5Z7D4,HORN RIVER PROJECT - CABIN SECTION
03bfc26a-c6d0-4761-b8f5-47acf2290d02,A89301-1 NGTL_Cheecham-Kettle River Expansion_Cond.6_Post-Construction Environmental Monitoring Report - A5Z3H8,CHEECHAM WEST CROSSOVER
35bd2caf-562c-4d14-a5d6-373f168b4acb,A89683-3 Musreau Lateral Loop No. 2 Year 5 PCMR - A5Z8C4,MUSREAU LAKE LATERAL LOOP NO. 2
b9f6475f-1e14-43e7-883f-c82e64867688,A97720-2 Post Construction Environmental Monitoring - Year 1 - A6R7C7,JACKFISH LAKE EXPANSION
64a7ba33-ceee-4593-87a3-8f08dd46c8f4,A89488-1 Chinchaga Lateral Loop No. 3 - Year 3 Post-Construction Monitoring Report - A5Z5I9,NORTHWEST MAINLINE KOMIE NORTH EXPANSION
c04807de-2df1-4d26-9352-70d3cb6cb10b,A97703-3 NWML_Kyklo Creek Section_Year 5_PCMR_Jan 2019 - A6R6W8,KYKLO CREEK SECTION
66e4d6ae-6ff9-4975-81ce-ef912dac1535,A3F1Q8 - 01 - Albright_ Year 2_ Report,ALBRIGHT NORTH CROSSOVER
67691780-af41-414b-a0c2-aa33a3442cdc,A89565-1 Groundbirch Mainline(Saturn Section)_Year 5_PCMR_Jan 2018 - A5Z6J5,GROUNDBIRCH MAINLINE
768b2aaf-8d86-4a30-bec5-7f4a4e646311,Line 4 Extension Project PCEM Report Year 5 (2013) - A3T3S8,LINE 4
741618c3-11b8-4240-9830-1fc9c8bae93d,A75387-1 T-North_2012_Third_Year_PCEM_Report_Part1 - A4X9K6,N5 LOOP
3e9e6cdb-f812-4832-b69c-b8ec0396d585,A81453-1 Cutbank_BldMtn_Year 5_PCRM_Jan 2017 - A5I3T2,CUTBANK RIVER LATERAL LOOP (BALD MOUNTAIN SECTION) - NPS 24
082134c0-6a4b-425b-a4ae-e79acd7316cb,A89617-4 Horn River ML_Year 5 PCMR Jan 2018_Part3of3 - A5Z7D4,HORN RIVER PROJECT - KOMIE EAST EXTENSION
884ee474-44b4-4afa-9a74-6dce6bc4736b,A97266-2 Line 3 Replacement Project Post Construction Environmental Monitoring - Year 3 - A6Q9S3,LINE 3
093f120b-9df7-480b-8ae3-2854a3b33c84,Genesis Pipeline Post Construction Environment Monitoring Report - A4E8X7,GENESIS LINE 20 EXTENSION ETHANE STORAGE
6b437f67-967b-4ef6-bd28-5ac8d39138e4,A89673-1 Gordondale Lateral Loop No. 2 - Fifth Year Post-Construction Monitoring Report - A5Z7Y5,GORDONDALE LATERAL LOOP NO.2 - NPS 20
9476acc2-294a-4cd6-a952-8274aedb645a,A97699-1 Leismer to Kettle River Crossover_Yr. 5 PCMR - A6R6V3,LEISMER - KETTLE RIVER CROSSOVER PROJECT
0d10a967-88d6-42e5-9bd7-309f24022b5f,A97723-1 Eastern ML Exp._Parkway Loop Sections_Year 5 PCMR - A6R7D5,PARKWAY LOOP
491c36c1-82d4-46ae-a684-470915a5659b,A81581-1 Groundbirch Mnln_Year 5 PCRM - A5I5S2,GROUNDBIRCH MAINLINE LOOP
0d75bd13-0369-4508-909c-cfd26ee08def,NGTL Kearl Extension and MS_Second PCRM Report - A3T2U7,KEARL EXTENSION
28a99f2e-ae44-4421-80a1-d9c556f2b4ac,A81049-1 NMax_4YR_PCEM-Update - A5H6K4,NORTH MAXHAMISH LOOP PROJECT
44a33e5f-d99e-48ef-ad56-bbb516ec8796,A81474-1 Bear River Lateral Loop No.2_Five Year PCMR - A5I4A3,BEAR RIVER LATERAL LOOP NO. 2
d76d34a2-43c5-40e8-8b85-c476531d2106,A97181-2 Post-Construction Environmental Monitoring Report - Year 1 (2018) Pouce Coupe Lateral - A6Q8T0,POUCE COUPE LATERAL
eb2c8706-99b1-4524-a233-c5cb9ef8a09a,A81582-2 NEB31_South_Max_PCEM_Yr5 - A5I5S5,SOUTH MAXHAMISH LOOP
60b3993d-7075-4790-8519-ba8193579754,A97675-1 Musreau Cutbank Expansion - Third Year Post-Construction Report - A6R6E5,MUSREAU CUTBANK EXPANSION
780cad9f-0461-40e4-8c86-088d161a443b,2013-12-10- Watino and Calais Second PCMP Report - A3R8A7,WATINO CROSSOVER - NPS 4
1e4f52c7-8b32-41c1-ab4b-42a087cf2e14,A2K2L9 - 1114920191-001-R-RevA-3rdPCMP 9DEC_11_Part3,TUPPER PIPELINE
cb197d7e-3ef6-4ee0-93d1-504c7286b580,A97700-1 Norma Transmission Pipeline - Fifth Year Post-Construction Report - A6R6V5,NORMA TRANSMISSION PIPELINE
1fcfd2e1-21e1-4eaa-bc61-1eb2d96bca31,"A87243-1 PCMR Year 7 CNRL Pipeline from a-65-A, 93-I-9 to 13-9-64-13 W6M (C111122) - A5W1K8",OJAY PIPELINE
a6623233-9c9f-436b-ad11-0987ab3825e7,A97723-1 Eastern ML Exp._Parkway Loop Sections_Year 5 PCMR - A6R7D5,PARKWAY LOOP
4274c27b-ab24-4b6e-b72d-2c52e276758f,A89672-1 Liege_Lateral_Loop 2_Thornbury_Leismer_East_CS_Year 1_PCMR - A5Z7Y3,LIEGE LATERAL LOOP 2
fdb3d057-943a-4fab-99ac-1f4eed471512,A89575-1 Sunday Creek South Lateral Loop No.3_Year 3 PCMR Jan 2018 - A5Z6L5,SUNDAY CREEK SOUTH LATERAL LOOP NO. 3
8080827a-39bb-44ce-9654-480588a2ca10,A96900-2 Attachment 1 - Post Construction Environmental Monitoring Report - Year 5 - A6Q4F4,BAKKEN PIPELINE
414ec869-f425-4b69-a13f-a79b461c1a82,Genesis Pipeline Post Construction Environment Monitoring Report - A4E8X7,GENESIS LINE 20 EXTENSION ETHANE STORAGE
a7d32500-cb44-41ae-8c61-fbf7ce97a052,A75386-2 N4L2 Post-Construction Report - A4X9J7,N4 LOOP
2ea59c63-7d39-4307-85fd-405cbb125afe,A75386-6 Stewart_Lake_Post-Construction_Report - A4X9K1,N4 LOOP
314efbf0-8ff1-437d-bb3e-220d45addfeb,Gething Source Water Pipeline Third Year Post Construction Environmental Monitoring Report - A4R6D0,GETHING SOURCE WATER PIPELINE
dc1c9868-06d8-4fae-b204-bbef64b21eff,A75246-2 Third Year Post Construction Environmental Monitoring Report - A4X7G9,TAYLOR TO BOUNDARY LAKE
4a8ceab8-2f61-4c2b-979e-f8476f208341,A88692-1 XG-A083-05-2008_Post Construction Enviro Monitoring Report_DEC 14 2017  - A5Y4H6,SADDLE HILLS PIPELINE LOOP
9e3e2be0-6379-4508-a39f-7238099bcbfd,A1X3E0 - Year 2 Post-Construction Environmental Monitoring Report,PESH CREEK PIPELINE LOOP
44b78b16-a5c3-421c-b89d-0509fb079af2,A2K2L8 - 1114920191-001-R-RevA-3rdPCMP 9DEC_11_Part2,TUPPER PIPELINE
5027e8a6-e6bc-43e1-bbeb-014fe4b9c12f,A1Q4C7 - Year 2 PCM_rep,CHINOOK RIDGE 4 INCH GATHERING PIPELINE
69579df1-eace-4925-9d25-c425bfc3ac28,Southern Lights Project PCEM Report Year 5 (2013) - A3T3R4,LSR PIPELINE
75dc3400-4826-419d-9aa0-93346b1cfce6,A0U3V0 - 002 Post Construction Monitoring - August 2005_EnCana August 2005 Monitoring Report - May 2006,EKWAN PIPELINE
c046f97b-e73f-48ff-8a9c-d43b761ed7f2,A3F7Y8 - 2013-03-04 - Bear River Post-Construction Monitoring Program Report,BEAR RIVER WEST LATERAL LOOP - NPS 10
84dd4703-3265-4225-b1ae-dcdbd7ce405b,A2K2Q0 - 1114920191-001-R-RevA-3rdPCMP 9DEC_11_Part4,TUPPER PIPELINE
c8d70bdb-ad22-4247-9ae9-215892ef2204,2013-12-10- Watino and Calais Second PCMP Report - A3R8A7,CALAIS EXTENSION - NPS 4
a67f9b06-b02e-4dff-9a79-4a421d5a04be,A3L0S2 - Doe and Henderson Crk PCEMRs,DOE CREEK LATERAL LOOP
ad52f5b8-0026-4f51-af0f-ea3684bf1f31,A3F1E8 - Third Year Post-construction Environmental Monitoring Report,"12"" STORM PIPELINE"
b3e3f316-2aa8-4b36-81dc-2eb693e3f79f,A0U3V0 - 002 Post Construction Monitoring - August 2005_EnCana August 2005 Monitoring Report - May 2006,EKWAN PIPELINE
e0a9e3c5-a95c-4a1a-b75e-4604224a1c2c,A3L0S2 - Doe and Henderson Crk PCEMRs,HENDERSON CREEK LATERAL LOOP #3
ffa93da2-0fa1-447a-9930-bb7be8c57ac2,A3F1E8 - Third Year Post-construction Environmental Monitoring Report,"8"" STORM PIPELINE "
